date,Price,lagged,Month,Season,Summer,Winter,Spring,Autumn,Year,Months_since_1992,DayOfWeek,Price_Lag_7,Price_Rolling_Mean_7,Price_Rolling_Mean_30
1992-01-31,95459.28667563922,,1,Summer,True,False,False,False,1992,0,4,,,
1992-02-29,100422.27456258412,95459.28667563922,2,Summer,True,False,False,False,1992,1,5,,,
1992-03-31,93474.09152086126,100422.27456258412,3,Autumn,False,False,False,True,1992,2,1,,,
1992-04-30,98437.07940780616,93474.09152086126,4,Autumn,False,False,False,True,1992,3,3,,,
1992-05-31,93474.09152086126,98437.07940780616,5,Autumn,False,False,False,True,1992,4,6,,,
1992-06-30,93474.09152086126,93474.09152086126,6,Winter,False,True,False,False,1992,5,1,,,
1992-07-31,93474.09152086126,93474.09152086126,7,Winter,False,True,False,False,1992,6,4,,,
1992-08-31,97940.7806191116,93474.09152086126,8,Winter,False,True,False,False,1992,7,0,95459.28667563922,95459.28667563922,
1992-09-30,93474.09152086126,97940.7806191116,9,Spring,False,False,True,False,1992,8,2,100422.27456258412,95813.78581042099,
1992-10-31,90000.0,93474.09152086126,10,Spring,False,False,True,False,1992,9,5,93474.09152086126,94821.18823303201,
1992-11-30,93474.09152086126,90000.0,11,Spring,False,False,True,False,1992,10,0,98437.07940780616,94324.88944433755,
1992-12-31,111340.84791386269,93474.09152086126,12,Summer,True,False,False,False,1992,11,3,93474.09152086126,93615.89117477399,
1993-01-31,110348.25033647356,111340.84791386269,1,Summer,True,False,False,False,1993,12,6,93474.09152086126,96168.28494520276,
1993-02-28,100422.27456258412,110348.25033647356,2,Summer,True,False,False,False,1993,13,6,93474.09152086126,98578.8790617188,
1993-03-31,96451.88425302808,100422.27456258412,3,Autumn,False,False,False,True,1993,14,2,97940.7806191116,99571.47663910779,
1993-04-30,100422.27456258412,96451.88425302808,4,Autumn,False,False,False,True,1993,15,4,93474.09152086126,99358.7771582387,
1993-05-31,105385.2624495288,100422.27456258412,5,Autumn,False,False,False,True,1993,16,0,90000.0,100351.37473562769,
1993-06-30,94466.68909825035,105385.2624495288,6,Winter,False,True,False,False,1993,17,2,93474.09152086126,102549.26937127465,
1993-07-31,95459.28667563922,94466.68909825035,7,Winter,False,True,False,False,1993,18,5,111340.84791386269,102691.06902518739,
1993-08-31,94466.68909825035,95459.28667563922,8,Winter,False,True,False,False,1993,19,1,110348.25033647356,100422.27456258403,
1993-09-30,108363.05518169572,94466.68909825035,9,Spring,False,False,True,False,1993,20,3,100422.27456258412,98153.48009998072,
1993-10-31,97444.48183041718,108363.05518169572,10,Spring,False,False,True,False,1993,21,6,96451.88425302808,99287.87733128238,
1993-11-30,100422.27456258412,97444.48183041718,11,Spring,False,False,True,False,1993,22,1,100422.27456258412,99429.67698519511,
1993-12-31,102407.46971736196,100422.27456258412,12,Summer,True,False,False,False,1993,23,4,105385.2624495288,99429.67698519511,
1994-01-31,103400.06729475084,102407.46971736196,1,Summer,True,False,False,False,1994,24,0,94466.68909825035,99004.278023457,
1994-02-28,105385.2624495288,103400.06729475084,2,Summer,True,False,False,False,1994,25,0,95459.28667563922,100280.47490867134,
1994-03-31,109851.95154777926,105385.2624495288,3,Autumn,False,False,False,True,1994,26,3,94466.68909825035,101698.47144779842,
1994-04-30,110348.25033647356,109851.95154777926,4,Autumn,False,False,False,True,1994,27,5,108363.05518169572,103896.3660834454,
1994-05-31,114318.6406460296,110348.25033647356,5,Autumn,False,False,False,True,1994,28,1,97444.48183041718,104179.96539127082,
1994-06-30,102407.46971736196,114318.6406460296,6,Winter,False,True,False,False,1994,29,3,100422.27456258412,106590.55950778688,
1994-07-31,100422.27456258412,102407.46971736196,7,Winter,False,True,False,False,1994,30,6,102407.46971736196,106874.15881561229,100207.21175414976
1994-08-31,110348.25033647356,100422.27456258412,8,Winter,False,True,False,False,1994,31,2,103400.06729475084,106590.55950778688,100372.64468371458
1994-09-30,103400.06729475084,110348.25033647356,9,Spring,False,False,True,False,1994,32,4,105385.2624495288,107583.15708517584,100703.51054284425
1994-10-31,114318.6406460296,103400.06729475084,10,Spring,False,False,True,False,1994,33,0,109851.95154777926,107299.55777735042,101034.3764019739
1994-11-30,113326.04306864052,114318.6406460296,11,Spring,False,False,True,False,1994,34,2,110348.25033647356,107937.65621995761,101563.76177658135
1994-12-31,115311.2382234186,113326.04306864052,12,Summer,True,False,False,False,1994,35,5,114318.6406460296,108363.05518169574,102225.49349484064
1995-01-31,110348.25033647356,115311.2382234186,1,Summer,True,False,False,False,1995,36,1,102407.46971736196,108504.85483560846,102953.39838492591
1995-02-28,115311.2382234186,110348.25033647356,2,Summer,True,False,False,False,1995,37,1,100422.27456258412,109639.25206691012,103515.8703454463
1995-03-31,105385.2624495288,115311.2382234186,3,Autumn,False,False,False,True,1995,38,4,110348.25033647356,111766.24687560076,104094.88559892321
1995-04-30,110348.25033647356,105385.2624495288,4,Autumn,False,False,False,True,1995,39,6,103400.06729475084,111057.24860603722,104491.92462987879
1995-05-31,113326.04306864052,110348.25033647356,5,Autumn,False,False,False,True,1995,40,2,114318.6406460296,112049.84618342618,105170.19964109457
1995-06-30,130200.20188425283,113326.04306864052,6,Winter,False,True,False,False,1995,41,4,113326.04306864052,111908.04652951345,105831.93135935388
1995-07-31,110348.25033647356,130200.20188425283,7,Winter,False,True,False,False,1995,42,0,115311.2382234186,114318.6406460295,106460.57649170022
1995-08-31,111340.84791386269,110348.25033647356,8,Winter,False,True,False,False,1995,43,3,110348.25033647356,113609.64237646593,106460.57649170024
1995-09-30,117296.43337819644,111340.84791386269,9,Spring,False,False,True,False,1995,44,5,115311.2382234186,113751.44203037865,106824.52893674285
1995-10-31,118289.03095558542,117296.43337819644,10,Spring,False,False,True,False,1995,45,1,105385.2624495288,114035.04133820406,107519.34724091511
1995-11-30,115311.2382234186,118289.03095558542,11,Spring,False,False,True,False,1995,46,3,110348.25033647356,115878.43683906928,108114.9057873485
1995-12-31,105385.2624495288,115311.2382234186,12,Summer,True,False,False,False,1995,47,6,113326.04306864052,116587.43510863287,108445.77164647816
1996-01-31,117296.43337819644,105385.2624495288,1,Summer,True,False,False,False,1996,48,2,130200.20188425283,115453.03787733118,108809.72409152078
1996-02-29,117594.21265141317,117296.43337819644,2,Summer,True,False,False,False,1996,49,3,110348.25033647356,113609.64237646598,109537.62898160602
1996-03-31,122755.72005383576,117594.21265141317,3,Autumn,False,False,False,True,1996,50,6,111340.84791386269,114644.77985002879,110308.54643337811
1996-04-30,118289.03095558542,122755.72005383576,4,Autumn,False,False,False,True,1996,51,1,117296.43337819644,116275.47587002495,110788.3019291161
1996-05-31,122259.42126514122,118289.03095558542,5,Autumn,False,False,False,True,1996,52,4,118289.03095558542,116417.27552393766,111483.12023328837
1996-06-30,120274.22611036326,122259.42126514122,6,Winter,False,True,False,False,1996,53,6,115311.2382234186,116984.47413958849,112211.02512337362
1996-07-31,122755.72005383576,120274.22611036326,7,Winter,False,True,False,False,1996,54,2,105385.2624495288,117693.472409152,112806.583669807
1996-08-31,117296.43337819644,122755.72005383576,8,Winter,False,True,False,False,1996,55,5,117296.43337819644,120174.96635262443,113451.77209510983
1996-09-30,125237.21399730803,117296.43337819644,9,Spring,False,False,True,False,1996,56,0,117594.21265141317,120174.96635262443,113848.81112606541
1996-10-31,129207.60430686396,125237.21399730803,10,Spring,False,False,True,False,1996,57,3,122755.72005383576,121266.82368775226,114361.65320771637
1996-11-30,132185.3970390308,129207.60430686396,11,Spring,False,False,True,False,1996,58,5,118289.03095558542,122188.52143818486,114990.29834006271
1996-12-31,125237.21399730803,132185.3970390308,12,Summer,True,False,False,False,1996,59,1,122259.42126514122,124173.71659296277,115585.8568864961
1997-01-31,129207.60430686396,125237.21399730803,1,Summer,True,False,False,False,1997,60,4,120274.22611036326,124599.11555470088,116346.8483624943
1997-02-28,133177.99461641978,129207.60430686396,2,Summer,True,False,False,False,1997,61,4,122755.72005383576,125875.31243991527,117306.3593539703
1997-03-31,134170.59219380887,133177.99461641978,3,Autumn,False,False,False,True,1997,62,0,117296.43337819644,127364.20880599871,118067.35082996849
1997-04-30,137644.68371467013,134170.59219380887,4,Autumn,False,False,False,True,1997,63,2,125237.21399730803,129774.80292251476,119093.03499327043
1997-05-31,144096.56796769856,137644.68371467013,5,Autumn,False,False,False,True,1997,64,5,129207.60430686396,131547.29859642364,119870.56976222512
1997-06-30,140126.17765814252,144096.56796769856,6,Winter,False,True,False,False,1997,65,0,132185.3970390308,133674.2934051143,120896.25392552704
1997-07-31,139133.58008075354,140126.17765814252,7,Winter,False,True,False,False,1997,66,3,125237.21399730803,134808.690636416,121723.41857335117
1997-08-31,145089.16554508742,139133.58008075354,8,Winter,False,True,False,False,1997,67,6,129207.60430686396,136793.8857911939,122682.92956482718
1997-09-30,145089.16554508742,145089.16554508742,9,Spring,False,False,True,False,1997,68,1,133177.99461641978,139062.68025379727,123675.52714221615
1997-10-31,141118.77523553162,145089.16554508742,10,Spring,False,False,True,False,1997,69,4,134170.59219380887,140764.2761007498,124998.99057873475
1997-11-30,149059.55585464323,141118.77523553162,11,Spring,False,False,True,False,1997,70,6,137644.68371467013,141756.87367813874,126024.6747420367
1997-12-31,153029.94616419903,149059.55585464323,12,Summer,True,False,False,False,1997,71,2,144096.56796769856,143387.5696981349,127215.79183490346
1998-01-31,155015.1413189771,153029.94616419903,1,Summer,True,False,False,False,1998,72,5,140126.17765814252,144663.76658334926,127976.78331090166
1998-02-28,146578.06191117095,155015.1413189771,2,Summer,True,False,False,False,1998,73,5,139133.58008075354,146790.76139203992,129465.6796769851
1998-03-31,155015.1413189771,146578.06191117095,3,Autumn,False,False,False,True,1998,74,1,145089.16554508742,147854.25879638526,130640.25347689539
1998-04-30,150052.1534320322,155015.1413189771,4,Autumn,False,False,False,True,1998,75,3,145089.16554508742,149272.25533551237,131897.54374158807
1998-05-31,159978.12920592178,150052.1534320322,5,Autumn,False,False,False,True,1998,76,6,141118.77523553162,149981.2536050759,132956.31449080296
1998-06-30,149555.85464333778,159978.12920592178,6,Winter,False,True,False,False,1998,77,1,149059.55585464323,152675.44702941735,134445.21085688644
1998-07-31,150052.1534320322,149555.85464333778,7,Winter,False,True,False,False,1998,78,4,153029.94616419903,152746.34685637368,135917.56393001336
1998-08-31,162955.92193808872,150052.1534320322,8,Winter,False,True,False,False,1998,79,0,155015.1413189771,152320.9478946356,137009.42126514122
1998-09-30,142111.37281292048,162955.92193808872,9,Spring,False,False,True,False,1998,80,2,146578.06191117095,153455.34512593722,138521.47824136374
1998-10-31,147074.36069986527,142111.37281292048,10,Spring,False,False,True,False,1998,81,5,155015.1413189771,152817.24668333004,139166.66666666657
1998-11-30,158489.23283983837,147074.36069986527,11,Spring,False,False,True,False,1998,82,0,150052.1534320322,151682.84945202834,140126.17765814258
1998-12-31,144096.56796769856,158489.23283983837,12,Summer,True,False,False,False,1998,83,3,159978.12920592178,152888.1465102864,141333.83804396584
1999-01-31,154022.54374158813,144096.56796769856,1,Summer,True,False,False,False,1999,84,6,149555.85464333778,150619.35204768306,142127.916105877
1999-02-28,147074.36069986527,154022.54374158813,2,Summer,True,False,False,False,1999,85,6,150052.1534320322,151257.45049029024,143170.1435621354
1999-03-31,155015.1413189771,147074.36069986527,3,Autumn,False,False,False,True,1999,86,2,162955.92193808872,150832.0515285521,144162.74113952435
1999-04-30,159978.12920592178,155015.1413189771,4,Autumn,False,False,False,True,1999,87,4,142111.37281292048,149697.65429725047,145155.33871691333
1999-05-31,157496.6352624494,159978.12920592178,5,Autumn,False,False,False,True,1999,88,0,147074.36069986527,152250.04806767922,146181.02288021526
1999-06-30,155015.1413189771,157496.6352624494,6,Winter,False,True,False,False,1999,89,2,158489.23283983837,153738.94443376266,147024.73082099587
1999-07-31,146081.7631224763,155015.1413189771,7,Winter,False,True,False,False,1999,90,5,144096.56796769856,153242.6456450682,148017.32839838488
1999-08-31,146081.7631224763,146081.7631224763,8,Winter,False,True,False,False,1999,91,1,154022.54374158813,153526.24495289358,148579.80035890525
1999-09-30,157000.33647375496,146081.7631224763,9,Spring,False,False,True,False,1999,92,3,147074.36069986527,152391.84772159188,149009.9259757738
1999-10-31,145089.16554508742,157000.33647375496,10,Spring,False,False,True,False,1999,93,6,155015.1413189771,153809.844260719,149770.917451772
1999-11-30,148811.406460296,145089.16554508742,11,Spring,False,False,True,False,1999,94,1,159978.12920592178,152391.84772159188,150019.06684611924
1999-12-31,149059.55585464323,148811.406460296,12,Summer,True,False,False,False,1999,95,4,157496.6352624494,150796.60161507392,150176.22812920582
2000-01-31,177844.8855989233,149059.55585464323,1,Summer,True,False,False,False,2000,96,0,155015.1413189771,149591.3045568159,150474.00740242252
2000-02-29,135163.18977119785,177844.8855989233,2,Summer,True,False,False,False,2000,97,1,146081.7631224763,152852.6965968082,151764.3842530282
2000-03-31,155015.1413189771,135163.18977119785,3,Autumn,False,False,False,True,2000,98,4,146081.7631224763,151292.90040376844,151433.51839389853
2000-04-30,160970.72678331088,155015.1413189771,4,Autumn,False,False,False,True,2000,99,6,157000.33647375496,152569.09728898286,151764.3842530282
2000-05-31,140126.17765814252,160970.72678331088,5,Autumn,False,False,False,True,2000,100,2,145089.16554508742,153136.29590463368,152426.1159712875
2000-06-30,157992.93405114405,140126.17765814252,6,Winter,False,True,False,False,2000,101,4,148811.406460296,152427.2976350701,152128.33669807078
2000-07-31,135163.18977119785,157992.93405114405,7,Winter,False,True,False,False,2000,102,0,149059.55585464323,153738.9444337627,152293.76962763566
2000-08-31,143103.97039030946,135163.18977119785,8,Winter,False,True,False,False,2000,103,3,177844.8855989233,151753.7492789848,151632.03790937632
2000-09-30,145089.16554508742,143103.97039030946,9,Spring,False,False,True,False,2000,104,5,135163.18977119785,146790.76139203997,151516.23485868095
2000-10-31,160970.72678331088,145089.16554508742,10,Spring,False,False,True,False,2000,105,1,155015.1413189771,148208.75793116706,151185.3689995513
2000-11-30,164941.1170928668,160970.72678331088,11,Spring,False,False,True,False,2000,106,3,160970.72678331088,149059.5558546433,151549.3214445939
2000-12-31,142111.37281292048,164941.1170928668,12,Summer,True,False,False,False,2000,107,6,140126.17765814252,149626.75447029414,151714.75437415874
2001-01-31,155015.1413189771,142111.37281292048,1,Summer,True,False,False,False,2001,108,2,157992.93405114405,149910.35377811958,151466.60497981153
2001-02-28,166926.31224764453,155015.1413189771,2,Summer,True,False,False,False,2001,109,2,135163.18977119785,149484.95481638142,151632.03790937635
2001-03-31,151541.04979811562,166926.31224764453,3,Autumn,False,False,False,True,2001,110,5,143103.97039030946,154022.54374158807,151764.38425302823
2001-04-30,155015.1413189771,151541.04979811562,4,Autumn,False,False,False,True,2001,111,0,145089.16554508742,155227.84079984613,152078.70681920135
2001-05-31,164941.1170928668,155015.1413189771,5,Autumn,False,False,False,True,2001,112,3,160970.72678331088,156645.83733897324,152343.39950650508
2001-06-30,165437.41588156112,164941.1170928668,6,Winter,False,True,False,False,2001,113,5,164941.1170928668,157213.0359546241,152558.46231493942
2001-07-31,167918.90982503362,165437.41588156112,7,Winter,False,True,False,False,2001,114,1,142111.37281292048,157283.9357815804,153269.82391206815
2001-08-31,159978.12920592178,167918.90982503362,8,Winter,False,True,False,False,2001,115,4,155015.1413189771,160970.72678331085,153733.03611484964
2001-09-30,140126.17765814252,159978.12920592178,9,Spring,False,False,True,False,2001,116,6,166926.31224764453,161679.72505287436,154163.1617317182
2001-10-31,167918.90982503362,140126.17765814252,10,Spring,False,False,True,False,2001,117,2,151541.04979811562,157851.13439723125,153666.86294302373
2001-11-30,162955.92193808872,167918.90982503362,11,Spring,False,False,True,False,2001,118,4,155015.1413189771,160190.82868679095,153931.55563032746
2001-12-31,173378.19650067296,162955.92193808872,12,Summer,True,False,False,False,2001,119,0,164941.1170928668,161325.2259180926,154113.53185284874
2002-01-31,164941.1170928668,173378.19650067296,1,Summer,True,False,False,False,2002,120,3,165437.41588156112,162530.52297635065,154725.6336922386
2002-02-28,162955.92193808872,164941.1170928668,2,Summer,True,False,False,False,2002,121,3,167918.90982503362,162459.6231493943,155354.27882458497
2002-03-31,179830.08075370104,162955.92193808872,3,Autumn,False,False,False,True,2002,122,6,159978.12920592178,161750.62487983072,155916.75078510537
2002-04-30,163948.5195154777,179830.08075370104,4,Autumn,False,False,False,True,2002,123,1,140126.17765814252,164586.6179580849,156677.74226110362
2002-05-31,174867.09286675637,163948.5195154777,5,Autumn,False,False,False,True,2002,124,4,167918.90982503362,167989.80965198996,157306.38739344993
2002-06-30,159978.12920592178,174867.09286675637,6,Winter,False,True,False,False,2002,125,6,162955.92193808872,168982.40722937888,158174.91027366527
2002-07-31,181815.27590847912,159978.12920592178,7,Winter,False,True,False,False,2002,126,2,173378.19650067296,168557.00826764078,158538.86271870788
2002-08-31,161963.32436069974,181815.27590847912,8,Winter,False,True,False,False,2002,127,5,164941.1170928668,169762.3053258988,158671.20906235973
2002-09-30,174867.09286675637,161963.32436069974,9,Spring,False,False,True,False,2002,128,0,162955.92193808872,169336.90636416065,159564.5468820098
2002-10-31,174867.09286675637,174867.09286675637,10,Spring,False,False,True,False,2002,129,3,179830.08075370104,171038.50221111317,160226.2786002691
2002-11-30,162955.92193808872,174867.09286675637,11,Spring,False,False,True,False,2002,130,5,163948.5195154777,170329.50394154966,160689.49080305063
2002-12-31,172881.8977119783,162955.92193808872,12,Summer,True,False,False,False,2002,131,1,174867.09286675637,170187.70428763694,161450.48227904885
2003-01-31,169904.10497981147,172881.8977119783,1,Summer,True,False,False,False,2003,132,4,159978.12920592178,169904.1049798115,161946.78106774334
2003-02-28,173874.49528936727,169904.10497981147,2,Summer,True,False,False,False,2003,133,4,181815.27590847912,171322.10151893858,163104.81157469712
2003-03-31,172881.8977119783,173874.49528936727,3,Autumn,False,False,False,True,2003,134,0,161963.32436069974,170187.70428763688,164130.49573799904
2003-04-30,155015.1413189771,172881.8977119783,4,Autumn,False,False,False,True,2003,135,2,174867.09286675637,171747.50048067668,165056.92014356205
2003-05-31,174867.09286675637,155015.1413189771,5,Autumn,False,False,False,True,2003,136,5,174867.09286675637,168911.50740242252,164858.4006280843
2003-06-30,172385.59892328386,174867.09286675637,6,Winter,False,True,False,False,2003,137,0,162955.92193808872,168911.50740242252,165189.2664872139
2003-07-31,179830.08075370104,172385.59892328386,7,Winter,False,True,False,False,2003,138,3,172881.8977119783,170258.60411459324,166198.40735755936
2003-08-31,174370.79407806182,179830.08075370104,8,Winter,False,True,False,False,2003,139,6,169904.10497981147,171251.2016919822,167025.5720053835
2003-09-30,189756.0565275908,174370.79407806182,9,Spring,False,False,True,False,2003,140,1,173874.49528936727,171889.3001345894,167273.7213997307
2003-10-31,189756.0565275908,189756.0565275908,10,Spring,False,False,True,False,2003,141,4,172881.8977119783,174158.09459719274,168547.5549573799
2003-11-30,181815.27590847912,189756.0565275908,11,Spring,False,False,True,False,2003,142,6,155015.1413189771,176568.68871370883,169705.5854643337
2003-12-31,199682.0323014803,181815.27590847912,12,Summer,True,False,False,False,2003,143,2,174867.09286675637,180397.27936935198,170268.0574248541
2004-01-31,195711.6419919245,199682.0323014803,1,Summer,True,False,False,False,2004,144,5,172385.59892328386,183942.27071716965,171409.5446388514
2004-02-29,187770.86137281288,195711.6419919245,2,Summer,True,False,False,False,2004,145,6,179830.08075370104,187274.5625841183,172335.96904441444
2004-03-31,209608.00807537,187770.86137281288,3,Autumn,False,False,False,True,2004,146,2,174370.79407806182,188408.95981542004,173262.39344997748
2004-04-30,204645.0201884253,209608.00807537,4,Autumn,False,False,False,True,2004,147,4,189756.0565275908,193442.84752932118,175578.45446388508
2004-05-31,190748.6541049797,204645.0201884253,5,Autumn,False,False,False,True,2004,148,0,189756.0565275908,195569.84233801183,176802.6581426648
2004-06-30,189756.0565275908,190748.6541049797,6,Winter,False,True,False,False,2004,149,2,181815.27590847912,195711.64199192452,177729.0825482278
2004-07-31,194719.04441453563,189756.0565275908,7,Winter,False,True,False,False,2004,150,5,199682.0323014803,196846.0392232262,178275.01121579175
2004-08-31,199443.80888290715,194719.04441453563,8,Winter,False,True,False,False,2004,151,1,195711.6419919245,196137.04095366268,179267.60879318073
2004-09-30,202659.82503364724,199443.80888290715,9,Spring,False,False,True,False,2004,152,3,187770.86137281288,196670.2076523745,180483.87169134134
2004-10-31,189756.0565275908,202659.82503364724,10,Spring,False,False,True,False,2004,153,6,209608.00807537,198797.2024610651,181244.86316733953
2004-11-30,224496.97173620452,189756.0565275908,11,Spring,False,False,True,False,2004,154,1,204645.0201884253,195961.20938281092,182105.11440107663
2004-12-31,224496.97173620452,224496.97173620452,12,Summer,True,False,False,False,2004,155,4,190748.6541049797,198797.2024610651,183759.4436967249
2005-01-31,214570.9959623149,224496.97173620452,1,Summer,True,False,False,False,2005,156,0,189756.0565275908,203618.39069409724,185910.07178106764
2005-02-28,224496.97173620452,214570.9959623149,2,Summer,True,False,False,False,2005,157,0,194719.04441453563,207163.38204191494,187001.92911619553
2005-03-31,249311.9111709285,224496.97173620452,3,Autumn,False,False,False,True,2005,158,3,199443.80888290715,211417.37165929624,189086.38402871235
2005-04-30,235911.8438761776,249311.9111709285,4,Autumn,False,False,False,True,2005,159,5,202659.82503364724,218541.3862718707,191567.87797218474
2005-05-31,258245.28936742933,235911.8438761776,5,Autumn,False,False,False,True,2005,160,1,189756.0565275908,223291.67467794646,193602.70300583215
2005-06-30,245341.5208613728,258245.28936742933,6,Winter,False,True,False,False,2005,161,3,224496.97173620452,233075.85079792343,196779.01525347683
2005-07-31,234422.94751009403,245341.5208613728,7,Winter,False,True,False,False,2005,162,6,224496.97173620452,236053.6435300903,199194.3360251233
2005-08-31,253282.30148048443,234422.94751009403,8,Winter,False,True,False,False,2005,163,2,214570.9959623149,237471.6400692174,201344.96410946603
2005-09-30,262215.67967698514,253282.30148048443,9,Spring,False,False,True,False,2005,164,4,224496.97173620452,243001.82657181306,203991.89098250328
2005-10-31,262215.67967698514,262215.67967698514,10,Spring,False,False,True,False,2005,165,0,249311.9111709285,248390.213420496,206969.6837146702
2005-11-30,261719.3808882906,262215.67967698514,11,Spring,False,False,True,False,2005,166,2,235911.8438761776,250233.6089213612,210543.03499327044
2005-12-31,310852.9609690443,261719.3808882906,12,Summer,True,False,False,False,2005,167,5,258245.28936742933,253920.3999230916,213438.11126065493
2006-01-31,284052.82637954224,310852.9609690443,1,Summer,True,False,False,False,2006,168,1,245341.5208613728,261435.7815804652,218053.68999551362
2006-02-28,279089.8384925976,284052.82637954224,2,Summer,True,False,False,False,2006,169,1,234422.94751009403,266965.96808306087,221527.781516375
2006-03-31,287030.6191117092,279089.8384925976,3,Autumn,False,False,False,True,2006,170,4,253282.30148048443,273346.95250913274,225018.41633019282
2006-04-30,261223.08209959613,287030.6191117092,4,Autumn,False,False,False,True,2006,171,6,262215.67967698514,278168.14074216486,228260.90174966346
2006-05-31,290008.411843876,261223.08209959613,5,Autumn,False,False,False,True,2006,172,2,262215.67967698514,278026.34108825214,230643.13593539695
2006-06-30,274126.85060565267,290008.411843876,6,Winter,False,True,False,False,2006,173,4,261719.3808882906,281996.731397808,234249.57379991017
2006-07-31,281075.0336473754,274126.85060565267,7,Winter,False,True,False,False,2006,174,0,310852.9609690443,283769.22707171686,236731.0677433826
2006-08-31,269163.86271870777,281075.0336473754,8,Winter,False,True,False,False,2006,175,3,284052.82637954224,279515.2374543356,239576.51413189762
2006-09-30,289015.81426648726,269163.86271870777,9,Spring,False,False,True,False,2006,176,5,279089.8384925976,277388.242645645,242289.6141767608
2006-10-31,298941.7900403768,289015.81426648726,10,Spring,False,False,True,False,2006,177,1,287030.6191117092,278806.2391847721,244936.54104979802
2006-11-30,293978.8021534319,298941.7900403768,11,Spring,False,False,True,False,2006,178,3,261223.08209959613,280507.8350317246,248079.76671152978
2006-12-31,293978.8021534319,293978.8021534319,12,Summer,True,False,False,False,2006,179,6,290008.411843876,285187.223610844,251520.77164647818
2007-01-31,318793.74158815603,293978.8021534319,1,Summer,True,False,False,False,2007,180,2,274126.85060565267,285754.4222264948,254994.86316733953
2007-02-28,293978.8021534319,318793.74158815603,2,Summer,True,False,False,False,2007,181,2,281075.0336473754,292135.40665256674,259130.6864064602
2007-03-31,310852.9609690443,293978.8021534319,3,Autumn,False,False,False,True,2007,182,5,269163.86271870777,293978.8021534319,262281.852848811
2007-04-30,323756.7294751008,310852.9609690443,4,Autumn,False,False,False,True,2007,183,0,289015.81426648726,299934.38761776575,265888.29071332427
2007-05-31,328719.7173620457,323756.7294751008,5,Autumn,False,False,False,True,2007,184,3,298941.7900403768,304897.3755047106,270354.9798115746
2007-06-30,313830.7537012112,328719.7173620457,6,Winter,False,True,False,False,2007,185,5,293978.8021534319,309151.36512209184,273829.07133243594
2007-07-31,323756.7294751008,313830.7537012112,7,Winter,False,True,False,False,2007,186,1,293978.8021534319,311987.358200346,276806.8640646029
2007-08-31,323756.7294751008,323756.7294751008,8,Winter,False,True,False,False,2007,187,4,318793.74158815603,316241.3478177273,280446.38851502904
2007-09-30,318793.74158815603,323756.7294751008,9,Spring,False,False,True,False,2007,188,6,293978.8021534319,316950.3460872908,283755.0471063256
2007-10-31,324749.32705248985,318793.74158815603,10,Spring,False,False,True,False,2007,189,2,310852.9609690443,320495.33743510855,286071.10812023317
2007-11-30,303904.7779273216,324749.32705248985,11,Spring,False,False,True,False,2007,190,4,323756.7294751008,322480.53258988645,289032.35755944357
2007-12-31,328719.7173620457,303904.7779273216,12,Summer,True,False,False,False,2007,191,0,328719.7173620457,319644.5395116323,290554.34051144007
2008-01-31,329712.31493943464,328719.7173620457,1,Summer,True,False,False,False,2008,192,3,313830.7537012112,319644.5395116323,293333.61372812913
2008-02-29,321275.23553162854,329712.31493943464,2,Summer,True,False,False,False,2008,193,4,323756.7294751008,321913.33397423563,296509.9259757738
2008-03-31,328719.7173620457,321275.23553162854,3,Autumn,False,False,False,True,2008,194,0,323756.7294751008,321558.8348394539,298776.3571108119
2008-04-30,353534.65679676976,328719.7173620457,4,Autumn,False,False,False,True,2008,195,2,318793.74158815603,322267.83310901746,300993.1583669807
2008-05-31,308867.76581426646,353534.65679676976,5,Autumn,False,False,False,True,2008,196,5,324749.32705248985,327230.82099596225,304037.1242709735
2008-06-30,307875.1682368775,308867.76581426646,6,Winter,False,True,False,False,2008,197,0,303904.7779273216,324962.0265333589,305608.73710183933
2008-07-31,313830.7537012112,307875.1682368775,7,Winter,False,True,False,False,2008,198,3,328719.7173620457,325529.2251490098,305509.47734410036
2008-08-31,286038.0215343201,313830.7537012112,8,Winter,False,True,False,False,2008,199,6,329712.31493943464,323402.2303403191,306502.0749214894
2008-09-30,303904.7779273216,286038.0215343201,9,Spring,False,False,True,False,2008,200,1,321275.23553162854,317163.04556815984,306733.6810228801
2008-10-31,349067.9676985194,303904.7779273216,10,Spring,False,False,True,False,2008,201,4,328719.7173620457,314681.55162468745,307296.15298340056
2008-11-30,325741.92462987883,349067.9676985194,11,Spring,False,False,True,False,2008,202,6,353534.65679676976,317588.444529898,310224.31583669793
2008-12-31,318793.74158815603,325741.92462987883,12,Summer,True,False,False,False,2008,203,2,308867.76581426646,313618.05422034214,311415.4329295648
2009-01-31,284052.82637954224,318793.74158815603,1,Summer,True,False,False,False,2009,204,5,307875.1682368775,315036.0507594692,312904.3292956482
2009-02-28,308867.76581426646,284052.82637954224,2,Summer,True,False,False,False,2009,205,5,313830.7537012112,311632.85906556423,313003.58905338706
2009-03-31,313830.7537012112,308867.76581426646,3,Autumn,False,False,False,True,2009,206,1,286038.0215343201,310923.8607960007,314327.0524899057
2009-04-30,293978.8021534319,313830.7537012112,4,Autumn,False,False,False,True,2009,207,3,303904.7779273216,314894.25110555656,315154.2171377298
2009-05-31,313830.7537012112,293978.8021534319,5,Autumn,False,False,False,True,2009,208,6,349067.9676985194,313476.2545664295,314988.7842081651
2009-06-30,313830.7537012112,313830.7537012112,6,Winter,False,True,False,False,2009,209,1,325741.92462987883,308442.3668525283,315650.5159264243
2009-07-31,318793.74158815603,313830.7537012112,7,Winter,False,True,False,False,2009,210,4,318793.74158815603,306740.7710055757,316312.24764468364
2009-08-31,289015.81426648726,318793.74158815603,8,Winter,False,True,False,False,2009,211,0,284052.82637954224,306740.7710055757,316312.24764468364
2009-09-30,289015.81426648726,289015.81426648726,9,Spring,False,False,True,False,2009,212,2,308867.76581426646,307449.76927513926,316146.8147151188
2009-10-31,318793.74158815603,289015.81426648726,10,Spring,False,False,True,False,2009,213,5,313830.7537012112,304613.7761968851,315418.90982503357
2009-11-30,338645.69313593535,318793.74158815603,11,Spring,False,False,True,False,2009,214,0,293978.8021534319,305322.77446644875,315253.4768954687
2009-12-31,318793.74158815603,338645.69313593535,12,Summer,True,False,False,False,2009,215,3,313830.7537012112,311703.7588925206,315584.3427545984
2010-01-31,318793.74158815603,318793.74158815603,1,Summer,True,False,False,False,2010,216,6,313830.7537012112,312412.75716208416,315749.7756841632
2010-02-28,308867.76581426646,318793.74158815603,2,Summer,True,False,False,False,2010,217,6,318793.74158815603,313121.75543164776,315584.3427545985
2010-03-31,338645.69313593535,308867.76581426646,3,Autumn,False,False,False,True,2010,218,2,289015.81426648726,311703.7588925206,315088.0439659039
2010-04-30,314327.0524899056,338645.69313593535,4,Autumn,False,False,False,True,2010,219,4,289015.81426648726,318793.7415881561,315749.7756841632
2010-05-31,308867.76581426646,314327.0524899056,5,Autumn,False,False,False,True,2010,220,0,318793.74158815603,322409.63276293006,315402.3665320771
2010-06-30,286038.0215343201,308867.76581426646,6,Winter,False,True,False,False,2010,221,2,338645.69313593535,320991.636223803,315567.79946164193
2010-07-31,318793.74158815603,286038.0215343201,7,Winter,False,True,False,False,2010,222,5,318793.74158815603,313476.2545664295,314145.07626738434
2010-08-31,313830.7537012112,318793.74158815603,8,Winter,False,True,False,False,2010,223,1,318793.74158815603,313476.2545664295,313781.1238223418
2010-09-30,303904.7779273216,313830.7537012112,9,Spring,False,False,True,False,2010,224,3,308867.76581426646,312767.2562968658,313532.9744279945
2010-10-31,318793.74158815603,303904.7779273216,10,Spring,False,False,True,False,2010,225,6,338645.69313593535,312058.2580273023,312705.8097801704
2010-11-30,313830.7537012112,318793.74158815603,11,Spring,False,False,True,False,2010,226,1,314327.0524899056,309222.2649490481,311547.7792732166
2010-12-31,299934.3876177657,313830.7537012112,12,Summer,True,False,False,False,2010,227,4,308867.76581426646,309151.36512209184,311713.21220278146
2011-01-31,303904.7779273216,299934.3876177657,1,Summer,True,False,False,False,2011,228,0,286038.0215343201,307875.16823687736,311448.51951547776
2011-02-28,329216.0161507401,303904.7779273216,2,Summer,True,False,False,False,2011,229,0,318793.74158815603,310427.5620073062,311117.653656348
2011-03-31,323756.7294751008,329216.0161507401,3,Autumn,False,False,False,True,2011,230,3,313830.7537012112,311916.4583733896,312556.9201435621
2011-04-30,289015.81426648726,323756.7294751008,4,Autumn,False,False,False,True,2011,231,5,303904.7779273216,313334.4549125167,313218.65186182136
2011-05-31,284052.82637954224,289015.81426648726,5,Autumn,False,False,False,True,2011,232,1,318793.74158815603,311207.4601038261,311216.913414087
2011-06-30,328719.7173620457,284052.82637954224,6,Winter,False,True,False,False,2011,233,3,313830.7537012112,306244.4722168813,309827.2768057424
2011-07-31,274623.1493943471,328719.7173620457,7,Winter,False,True,False,False,2011,234,6,299934.3876177657,308371.4670255719,310158.14266487205
2011-08-31,309860.36339165544,274623.1493943471,8,Winter,False,True,False,False,2011,235,2,303904.7779273216,304755.5758507978,309843.8200986989
2011-09-30,293978.8021534319,309860.36339165544,9,Spring,False,False,True,False,2011,236,4,329216.0161507401,305606.37377427414,309876.90668461187
2011-10-31,289015.81426648726,293978.8021534319,10,Spring,False,False,True,False,2011,237,0,323756.7294751008,300572.48606037296,309215.1749663526
2011-11-30,313830.7537012112,289015.81426648726,11,Spring,False,False,True,False,2011,238,2,289015.81426648726,295609.4981734281,309049.7420367877
2011-12-31,287030.6191117092,313830.7537012112,12,Summer,True,False,False,False,2011,239,5,284052.82637954224,299154.4895212458,309049.74203678773
2012-01-31,308867.76581426646,287030.6191117092,1,Summer,True,False,False,False,2012,240,1,328719.7173620457,299579.888482984,308156.40421713766
2012-02-29,318793.74158815603,308867.76581426646,2,Summer,True,False,False,False,2012,241,2,274623.1493943471,296743.8954047298,307825.53835800797
2012-03-31,318793.74158815603,318793.74158815603,3,Autumn,False,False,False,True,2012,242,5,309860.36339165544,303053.98000384535,308818.13593539695
2012-04-30,293978.8021534319,318793.74158815603,4,Autumn,False,False,False,True,2012,243,0,293978.8021534319,304330.1768890597,309810.7335127859
2012-05-31,289015.81426648726,293978.8021534319,5,Autumn,False,False,False,True,2012,244,3,289015.81426648726,304330.1768890597,308983.56886496185
2012-06-30,298941.7900403768,289015.81426648726,6,Winter,False,True,False,False,2012,245,5,313830.7537012112,304330.1768890597,307329.23956931353
2012-07-31,298941.7900403768,298941.7900403768,7,Winter,False,True,False,False,2012,246,1,287030.6191117092,302203.1820803691,306667.5078510542
2012-08-31,303904.7779273216,298941.7900403768,8,Winter,False,True,False,False,2012,247,4,308867.76581426646,303904.7779273217,306005.7761327949
2012-09-30,289015.81426648726,303904.7779273216,9,Spring,False,False,True,False,2012,248,6,318793.74158815603,303195.779657758,305840.34320323006
2012-10-31,266186.06998654094,289015.81426648726,10,Spring,False,False,True,False,2012,249,2,318793.74158815603,298941.79004037677,304186.0139075818
2012-11-30,285045.42395693134,266186.06998654094,11,Spring,False,False,True,False,2012,250,4,293978.8021534319,291426.40838300326,302581.314490803
2012-12-31,303904.7779273216,285045.42395693134,12,Summer,True,False,False,False,2012,251,0,289015.81426648726,290150.2114977889,301787.23642889183
2013-01-31,289015.81426648726,303904.7779273216,1,Summer,True,False,False,False,2013,252,3,298941.7900403768,292277.2063064795,302382.79497532523
2013-02-28,338645.69313593535,289015.81426648726,2,Summer,True,False,False,False,2013,253,3,298941.7900403768,290859.20976735244,301390.1973979362
2013-03-31,302912.1803499325,338645.69313593535,3,Autumn,False,False,False,True,2013,254,6,303904.7779273216,296531.19592386077,302217.3620457604
2013-04-30,308867.76581426646,302912.1803499325,4,Autumn,False,False,False,True,2013,255,1,289015.81426648726,296389.39626994805,302184.2754598474
2013-05-31,303904.7779273216,308867.76581426646,5,Autumn,False,False,False,True,2013,256,4,266186.06998654094,299225.3893482022,301853.4096007177
2013-06-30,303408.4791386271,303904.7779273216,6,Winter,False,True,False,False,2013,257,6,285045.42395693134,304613.7761968852,301522.54374158813
2013-07-31,300926.9851951547,303408.4791386271,7,Winter,False,True,False,False,2013,258,2,303904.7779273216,307237.06979427027,301638.34679228347
2013-08-31,303408.4791386271,300926.9851951547,8,Winter,False,True,False,False,2013,259,5,289015.81426648726,306811.6708325321,301539.0870345446
2013-09-30,296956.59488559875,303408.4791386271,9,Spring,False,False,True,False,2013,260,0,338645.69313593535,308867.76581426646,300678.8358008075
2013-10-31,303904.7779273216,296956.59488559875,10,Spring,False,False,True,False,2013,261,3,302912.1803499325,302912.1803499326,299785.4979811574
2013-11-30,303904.7779273216,303904.7779273216,11,Spring,False,False,True,False,2013,262,5,308867.76581426646,303053.98000384535,300281.7967698519
2013-12-31,351053.1628532974,303904.7779273216,12,Summer,True,False,False,False,2013,263,1,303904.7779273216,302344.9817342818,300943.52848811116
2014-01-31,316808.54643337807,351053.1628532974,1,Summer,True,False,False,False,2014,264,4,303408.4791386271,309080.4652951355,301687.9766711529
2014-02-28,348075.3701211305,316808.54643337807,2,Summer,True,False,False,False,2014,265,4,300926.9851951547,310994.7606229571,303094.1565724539
2014-03-31,313830.7537012112,348075.3701211305,3,Autumn,False,False,False,True,2014,266,0,303408.4791386271,317730.2441838107,304367.99013010314
2014-04-30,323756.7294751008,313830.7537012112,4,Autumn,False,False,False,True,2014,267,2,296956.59488559875,319219.14054989413,305029.7218483624
2014-05-31,338645.69313593535,323756.7294751008,5,Autumn,False,False,False,True,2014,268,5,303904.7779273216,323047.73120553733,306187.75235531625
2014-06-30,298941.7900403768,338645.69313593535,6,Winter,False,True,False,False,2014,269,0,303904.7779273216,328010.7190924821,307014.9170031404
2014-07-31,284052.82637954224,298941.7900403768,7,Winter,False,True,False,False,2014,270,3,351053.1628532974,327301.7208229186,307411.95603409596
2014-08-31,298743.270524899,284052.82637954224,8,Winter,False,True,False,False,2014,271,6,316808.54643337807,317730.2441838107,306584.79138627177
2014-09-30,271149.05787348584,298743.270524899,9,Spring,False,False,True,False,2014,272,1,348075.3701211305,315149.4904825994,305916.44235082995
2014-10-31,308867.76581426646,271149.05787348584,10,Spring,False,False,True,False,2014,273,4,313830.7537012112,304160.0173043645,304328.2862270076
2014-11-30,313830.7537012112,308867.76581426646,11,Spring,False,False,True,False,2014,274,6,323756.7294751008,303451.01903480093,304824.58501570206
2014-12-31,303904.7779273216,313830.7537012112,12,Summer,True,False,False,False,2014,275,2,338645.69313593535,302033.02249567385,305651.7496635262
2015-01-31,333682.70524899045,303904.7779273216,1,Summer,True,False,False,False,2015,276,5,298941.7900403768,297070.034608729,305817.18259309104
2015-02-28,331697.5100942126,333682.70524899045,2,Summer,True,False,False,False,2015,277,5,284052.82637954224,302033.02249567385,306975.2131000448
2015-03-31,328719.7173620457,331697.5100942126,3,Autumn,False,False,False,True,2015,278,1,298743.270524899,308839.4058834839,307901.6375056078
2015-04-30,352542.0592193809,328719.7173620457,4,Autumn,False,False,False,True,2015,279,3,271149.05787348584,313121.7554316477,309225.1009421264
2015-05-31,328719.7173620457,352542.0592193809,5,Autumn,False,False,False,True,2015,280,6,308867.76581426646,324749.32705248985,312103.6339165544
2015-06-30,319290.04037685046,328719.7173620457,6,Winter,False,True,False,False,2015,281,1,313830.7537012112,327585.320130744,313559.44369672495
2015-07-31,323756.7294751008,319290.04037685046,7,Winter,False,True,False,False,2015,282,4,303904.7779273216,328365.21822726395,314072.28577837587
2015-08-31,323756.7294751008,323756.7294751008,8,Winter,False,True,False,False,2015,283,0,333682.70524899045,331201.2113055181,315230.3162853297
2015-09-30,343608.6810228801,323756.7294751008,9,Spring,False,False,True,False,2015,284,2,331697.5100942126,329783.21476639103,314734.0174966352
2015-10-31,363460.6325706594,343608.6810228801,10,Spring,False,False,True,False,2015,285,5,328719.7173620457,331484.8106133435,316090.56751906674
2015-11-30,333682.70524899045,363460.6325706594,11,Spring,False,False,True,False,2015,286,0,352542.0592193809,336447.79850028834,317910.3297442799
2015-12-31,363460.6325706594,333682.70524899045,12,Summer,True,False,False,False,2015,287,3,328719.7173620457,333753.60507594683,318902.92732166883
2016-01-31,338645.69313593535,363460.6325706594,1,Summer,True,False,False,False,2016,288,6,319290.04037685046,338716.5929628917,320904.6657694032
2016-02-29,353534.65679676976,338645.69313593535,2,Summer,True,False,False,False,2016,289,0,323756.7294751008,341481.6862141895,322161.9560340959
2016-03-31,353534.65679676976,353534.65679676976,3,Autumn,False,False,False,True,2016,290,3,323756.7294751008,345735.67583157076,323832.82862270065
2016-04-30,362468.0349932705,353534.65679676976,4,Autumn,False,False,False,True,2016,291,5,343608.6810228801,349989.665448952,325718.7640197397
2016-05-31,353534.65679676976,362468.0349932705,5,Autumn,False,False,False,True,2016,292,1,363460.6325706594,352683.85887329356,327670.8725886047
2016-06-30,363460.6325706594,353534.65679676976,6,Winter,False,True,False,False,2016,293,3,333682.70524899045,351265.8623341665,329325.20188425295
2016-07-31,373386.6083445491,363460.6325706594,7,Winter,False,True,False,False,2016,294,6,363460.6325706594,355519.8519515477,329738.7842081651
2016-08-31,361475.4374158815,373386.6083445491,8,Winter,False,True,False,False,2016,295,2,338645.69313593535,356937.84849067486,331624.71960520407
2016-09-30,386290.37685060565,361475.4374158815,9,Spring,False,False,True,False,2016,296,4,353534.65679676976,360199.24053066707,332071.3885150291
2016-10-31,403164.5356662179,386290.37685060565,10,Spring,False,False,True,False,2016,297,0,353534.65679676976,364878.62910978653,334486.70928667556
2016-11-30,400186.7429340511,403164.5356662179,11,Spring,False,False,True,False,2016,298,2,362468.0349932705,371968.61180542194,337133.6361597128
2016-12-31,414579.407806191,400186.7429340511,12,Summer,True,False,False,False,2016,299,5,353534.65679676976,377356.9986541049,339185.0044863167
2017-01-31,403164.5356662179,414579.407806191,1,Summer,True,False,False,False,2017,300,1,363460.6325706594,386077.67736973654,343039.5917451771
2017-02-28,418053.4993270524,403164.5356662179,2,Summer,True,False,False,False,2017,301,1,373386.6083445491,391749.66352624487,347009.982054733
2017-03-31,444357.33512786,418053.4993270524,3,Autumn,False,False,False,True,2017,302,4,361475.4374158815,398130.64795231674,350986.9896814714
2017-04-30,423016.4872139972,444357.33512786,4,Autumn,False,False,False,True,2017,303,6,386290.37685060565,409970.91905402805,356760.59892328386
2017-05-31,447831.4266487213,423016.4872139972,5,Autumn,False,False,False,True,2017,304,2,403164.5356662179,415217.5062487982,360565.55630327493
2017-06-30,427979.475100942,447831.4266487213,6,Winter,False,True,False,False,2017,305,4,400186.7429340511,421598.4906748701,365032.24540152523
2017-07-31,457757.40242261096,427979.475100942,7,Winter,False,True,False,False,2017,306,0,414579.407806191,425568.88098442595,369168.0686406459
2017-08-31,423016.4872139972,457757.40242261096,8,Winter,False,True,False,False,2017,307,3,403164.5356662179,431737.1659296289,373303.8918797666
2017-09-30,452794.4145356662,423016.4872139972,9,Spring,False,False,True,False,2017,308,5,418053.4993270524,434573.15900788305,376347.8577837594
2017-10-31,418053.4993270524,452794.4145356662,10,Spring,False,False,True,False,2017,309,1,444357.33512786,439536.1468948279,380483.6810228802
2017-11-30,427979.475100942,418053.4993270524,11,Spring,False,False,True,False,2017,310,3,423016.4872139972,435778.456066141,382667.39569313586
2017-12-31,442868.4387617765,427979.475100942,12,Summer,True,False,False,False,2017,311,6,447831.4266487213,436487.45433570456,385976.0542844324
2018-01-31,427979.475100942,442868.4387617765,1,Summer,True,False,False,False,2018,312,2,427979.475100942,435778.456066141,390095.3342305966
2018-02-28,452794.4145356662,427979.475100942,2,Summer,True,False,False,False,2018,313,2,457757.40242261096,435778.456066141,393569.425751458
2018-03-31,457757.40242261096,452794.4145356662,3,Autumn,False,False,False,True,2018,314,5,423016.4872139972,435069.4577965775,397870.6819201435
2018-04-30,452794.4145356662,457757.40242261096,4,Autumn,False,False,False,True,2018,315,0,452794.4145356662,440032.44568352227,401675.63930013456
2018-05-31,476616.7563930013,452794.4145356662,5,Autumn,False,False,False,True,2018,316,3,418053.4993270524,440032.44568352227,404653.4320323014
2018-06-30,452794.4145356662,476616.7563930013,6,Winter,False,True,False,False,2018,317,5,427979.475100942,448398.62526437215,409417.90040376846
2018-07-31,483564.939434724,452794.4145356662,7,Winter,False,True,False,False,2018,318,1,442868.4387617765,451943.61661218986,412395.6931359353
2018-08-31,460735.1951547778,483564.939434724,8,Winter,False,True,False,False,2018,319,4,427979.475100942,457757.402422611,417226.3346792283
2018-09-30,507387.2812920592,460735.1951547778,9,Spring,False,False,True,False,2018,320,6,452794.4145356662,462436.7910017304,420799.68595782854
2018-10-31,482572.3418573351,507387.2812920592,10,Spring,False,False,True,False,2018,321,2,457757.40242261096,470235.7719669294,425928.10677433823
2018-11-30,507387.2812920592,482572.3418573351,11,Spring,False,False,True,False,2018,322,4,452794.4145356662,473780.7633147471,429931.583669807
2018-12-31,482572.3418573351,507387.2812920592,12,Summer,True,False,False,False,2018,323,0,476616.7563930013,481579.74427994614,435060.00448631664
2019-01-31,496468.70794078056,482572.3418573351,1,Summer,True,False,False,False,2019,324,3,452794.4145356662,482430.54220342234,439030.3947958725
2019-02-28,502920.5921938088,496468.70794078056,2,Summer,True,False,False,False,2019,325,3,483564.939434724,488669.7269755816,443133.1314490802
2019-03-31,504409.4885598923,502920.5921938088,3,Autumn,False,False,False,True,2019,326,6,460735.1951547778,491434.8202268794,447847.96994167776
2019-04-30,490016.8236877522,504409.4885598923,4,Autumn,False,False,False,True,2019,327,1,507387.2812920592,497674.00499903865,451785.2736653207
2019-05-31,467683.3781965006,490016.8236877522,5,Autumn,False,False,False,True,2019,328,4,482572.3418573351,495192.51105556625,454680.34993270517
2019-06-30,477609.3539703902,467683.3781965006,6,Winter,False,True,False,False,2019,329,6,507387.2812920592,493065.5162468756,456930.2377747868
2019-07-31,477609.3539703902,477609.3539703902,7,Winter,False,True,False,False,2019,330,2,482572.3418573351,488811.5266294942,459031.2359802601
2019-08-31,508379.878869448,477609.3539703902,8,Winter,False,True,False,False,2019,331,5,496468.70794078056,488102.5283599307,461512.7299237326
2019-09-30,480587.1467025571,508379.878869448,9,Spring,False,False,True,False,2019,332,0,502920.5921938088,489804.1242068832,464523.60924181243
2019-10-31,517313.2570659488,480587.1467025571,10,Spring,False,False,True,False,2019,333,3,504409.4885598923,486613.63199384726,465731.2696276356
2019-11-30,507387.2812920592,517313.2570659488,11,Spring,False,False,True,False,2019,334,5,490016.8236877522,488457.0274947124,468874.4952893674
2019-12-31,541135.5989232839,507387.2812920592,12,Summer,True,False,False,False,2019,335,1,467683.3781965006,490938.52143818483,470859.6904441453
2020-01-31,520291.0497981156,541135.5989232839,1,Summer,True,False,False,False,2020,336,4,477609.3539703902,501431.69582772534,474631.5612382234
2020-02-29,561980.1480484521,520291.0497981156,2,Summer,True,False,False,False,2020,337,5,477609.3539703902,507529.08094597183,476716.01615074015
2020-03-31,561980.1480484521,561980.1480484521,3,Autumn,False,False,False,True,2020,338,1,508379.878869448,519582.0515285521,481348.13817855535
2020-04-30,452794.4145356662,561980.1480484521,4,Autumn,False,False,False,True,2020,339,3,480587.1467025571,527239.2328398384,484987.66262898146
2020-05-31,532202.2207267832,452794.4145356662,5,Autumn,False,False,False,True,2020,340,6,517313.2570659488,523268.84253028256,486145.6931359353
2020-06-30,530217.0255720052,532202.2207267832,6,Winter,False,True,False,False,2020,341,1,507387.2812920592,525395.8373389732,489619.78465679666
2020-07-31,559002.3553162853,530217.0255720052,7,Winter,False,True,False,False,2020,342,4,541135.5989232839,528657.2293789655,492531.40421713766
2020-08-31,598706.2584118438,559002.3553162853,8,Winter,False,True,False,False,2020,343,0,520291.0497981156,531209.6231493943,496898.8335576491
2020-09-30,552054.1722745625,598706.2584118438,9,Spring,False,False,True,False,2020,344,2,561980.1480484521,542411.7958084983,501762.561686855
2020-10-31,596721.0632570658,552054.1722745625,10,Spring,False,False,True,False,2020,345,5,561980.1480484521,540993.7992693712,504905.7873485868
2020-11-30,590765.4777927321,596721.0632570658,11,Spring,False,False,True,False,2020,346,0,452794.4145356662,545956.7871563161,509703.3423059667
2020-12-31,673647.3755047106,590765.4777927321,12,Summer,True,False,False,False,2020,347,3,532202.2207267832,565666.9390501826,513508.2996859577
2021-01-31,626498.9905787348,673647.3755047106,1,Summer,True,False,False,False,2021,348,6,530217.0255720052,585873.3897327436,520870.06505159254
2021-02-28,660247.3082099595,626498.9905787348,2,Summer,True,False,False,False,2021,349,6,559002.3553162853,599627.9561622764,525634.5334230595
2021-03-31,710869.7846567967,660247.3082099595,3,Autumn,False,False,False,True,2021,350,2,598706.2584118438,614091.5208613727,532284.9371915656
2021-04-30,671165.8815612381,710869.7846567967,4,Autumn,False,False,False,True,2021,351,4,552054.1722745625,630114.8817535088,539067.6873037235
2021-05-31,681091.8573351278,671165.8815612381,5,Autumn,False,False,False,True,2021,352,0,596721.0632570658,647130.8402230339,545354.138627187
2021-06-30,700943.808882907,681091.8573351278,6,Winter,False,True,False,False,2021,353,2,590765.4777927321,659183.8108056142,551144.2911619559
2021-07-31,700943.808882907,700943.808882907,7,Winter,False,True,False,False,2021,354,5,673647.3755047106,674923.5723899249,558423.3400628084
2021-08-31,651313.9300134588,700943.808882907,8,Winter,False,True,False,False,2021,355,1,626498.9905787348,678823.0628725244,565239.1767608792
2021-09-30,676128.8694481829,651313.9300134588,9,Spring,False,False,True,False,2021,356,3,660247.3082099595,682368.0542203422,570185.6213548675
2021-10-31,700943.808882907,676128.8694481829,10,Spring,False,False,True,False,2021,357,6,710869.7846567967,684636.8486829455,575909.6007178106
2021-11-30,750573.6877523552,700943.808882907,11,Spring,False,False,True,False,2021,358,1,671165.8815612381,683218.8521438184,582940.5002243157
2021-12-31,760499.6635262449,750573.6877523552,12,Summer,True,False,False,False,2021,359,4,681091.8573351278,694562.824456835,592370.1772095109
2022-01-31,821048.1157469717,760499.6635262449,1,Summer,True,False,False,False,2022,360,0,700943.808882907,705906.7967698518,601799.8541947061
2022-02-28,780351.6150740241,821048.1157469717,2,Summer,True,False,False,False,2022,361,0,700943.808882907,723064.5548932897,613247.8129205921
2022-03-31,827500.0,780351.6150740241,3,Autumn,False,False,False,True,2022,362,3,651313.9300134588,734408.5272063063,622313.5374607446
2022-04-30,745610.6998654105,827500.0,4,Autumn,False,False,False,True,2022,363,5,676128.8694481829,759577.9657758122,633877.299237326
2022-05-31,730721.736204576,745610.6998654105,5,Autumn,False,False,False,True,2022,364,1,700943.808882907,769503.941549702,641487.2139973082
2022-06-30,710869.7846567967,730721.736204576,6,Winter,False,True,False,False,2022,365,3,750573.6877523552,773757.9311670831,648931.6958277255
2022-07-31,700943.808882907,710869.7846567967,7,Winter,False,True,False,False,2022,366,6,760499.6635262449,768085.9450105748,654589.5020188425
2022-08-31,643373.1493943472,700943.808882907,8,Winter,False,True,False,False,2022,367,2,821048.1157469717,759577.9657758123,660611.2606550022
2022-09-30,725758.7483176312,643373.1493943472,9,Spring,False,False,True,False,2022,368,4,780351.6150740241,734195.8277254374,663324.3606998654
2022-10-31,725758.7483176312,725758.7483176312,10,Spring,False,False,True,False,2022,369,0,827500.0,726396.8467602384,668783.6473755047
2022-11-30,730225.4374158814,725758.7483176312,11,Spring,False,False,True,False,2022,370,2,745610.6998654105,711862.3822341857,677882.45850157
2022-12-31,737669.9192462987,730225.4374158814,12,Summer,True,False,False,False,2022,371,5,730721.736204576,709664.4875985386,684483.2323912067
2023-01-31,688536.3391655451,737669.9192462987,1,Summer,True,False,False,False,2023,372,1,710869.7846567967,710657.0851759276,691398.3288470166
2023-02-28,710869.7846567967,688536.3391655451,2,Summer,True,False,False,False,2023,373,1,700943.808882907,707466.5929628917,695716.1283086586
2023-03-31,710869.7846567967,710869.7846567967,3,Autumn,False,False,False,True,2023,374,4,643373.1493943472,708884.5895020188,699454.9125168235
2023-04-30,700943.808882907,710869.7846567967,4,Autumn,False,False,False,True,2023,375,6,725758.7483176312,718526.965968083,704748.7662628981
2023-05-31,715832.7725437415,700943.808882907,5,Autumn,False,False,False,True,2023,376,2,725758.7483176312,714981.9746202653,708222.8577837594
2023-06-30,691017.8331090175,715832.7725437415,6,Winter,False,True,False,False,2023,377,4,730225.4374158814,713563.9780811382,712391.7676087931
2023-07-31,673647.3755047106,691017.8331090175,7,Winter,False,True,False,False,2023,378,0,737669.9192462987,707962.8917515862,712970.78286227
2023-08-31,671165.8815612381,673647.3755047106,8,Winter,False,True,False,False,2023,379,3,688536.3391655451,698816.8140742165,714542.3956931359
2023-09-30,700943.808882907,671165.8815612381,9,Spring,False,False,True,False,2023,380,5,710869.7846567967,696335.320130744,714906.3481381785
2023-10-31,666202.8936742933,700943.808882907,10,Spring,False,False,True,False,2023,381,1,710869.7846567967,694917.3235916169,714575.4822790489
2023-11-30,676128.8694481829,666202.8936742933,11,Spring,False,False,True,False,2023,382,3,700943.808882907,688536.3391655451,714410.0493494839
2023-12-31,631461.9784656796,676128.8694481829,12,Summer,True,False,False,False,2023,383,6,715832.7725437415,684991.3478177272,714244.6164199192
2024-01-31,785314.602960969,631461.9784656796,1,Summer,True,False,False,False,2024,384,2,691017.8331090175,672938.377235147,711928.5554060116
2024-02-29,750573.6877523552,785314.602960969,2,Summer,True,False,False,False,2024,385,3,673647.3755047106,686409.3443568543,714740.9152086136
2024-03-31,700943.808882907,750573.6877523552,3,Autumn,False,False,False,True,2024,386,6,671165.8815612381,697398.8175350893,718049.5737999101
2024-04-30,691017.8331090175,700943.808882907,4,Autumn,False,False,False,True,2024,387,1,700943.808882907,701652.8071524706,718876.7384477344
2024-05-31,641387.9542395693,691017.8331090175,5,Autumn,False,False,False,True,2024,388,4,666202.8936742933,700234.8106133435,718545.8725886047
2024-06-30,631461.9784656796,641387.9542395693,6,Winter,False,True,False,False,2024,389,6,676128.8694481829,696689.8192655258,714906.3481381783
2024-07-31,646350.942126514,631461.9784656796,7,Winter,False,True,False,False,2024,390,2,631461.9784656796,690308.8348394539,710605.091969493
2024-08-31,630469.3808882907,646350.942126514,8,Winter,False,True,False,False,2024,391,5,785314.602960969,692435.8296481445,704781.8528488111
